{"b/val/loss": 0.025248374520599495, "b/val/acc": 0.004584795321637427, "b/val/f1": 0.0, "epoch": 1, "_timestamp": 1596176228.8024967, "val/f1": 0.0, "train/lr": 0.001, "_runtime": 1013.746134519577, "_step": 0, "train/acc": 0.0045901639344262295, "train/loss": 0.029598496170246114, "val/acc": 0.004584795321637427, "val/loss": 0.025248374520599495, "train/f1": 3.284455343156336e-05}
