{"b/val/loss": 0.027322150403034616, "b/val/f1": 0, "b/val/acc": 0, "b/val/mAP": 0, "val/f1": 0.0, "train/f1": 4.6816479400749066e-05, "train/loss": 0.02764413016581396, "val/mAP": 0.007263884208037307, "epoch": 1, "val/acc": 0.004584795321637427, "_step": 0, "train/lr": 0.001, "train/mAP": 0.004367470107886306, "_runtime": 1221.707766532898, "train/acc": 0.0046348314606741575, "_timestamp": 1597520221.8448114, "val/loss": 0.027322150403034616}
