epoch,train/lr,train/loss,val/loss,train/acc,val/acc,train/f1,val/f1
2,0.0009755282581475768,0.024711007790433035,0.02448845905039394,0.0045901639344262295,0.004771929824561404,0.007547660583815702,0.007546963289473458
4,0.0007938926261462366,0.021551484719180225,0.022021998935624173,0.0050585480093676815,0.03564912280701754,0.00754707428359138,0.007541492211366382
6,0.0005,0.017102364206697508,0.018799302726984025,0.015831381733021076,0.19312280701754386,0.007564819247805638,0.007692996479384007
