{"b/val/loss": Infinity, "b/val/aroc": 0, "b/val/acc": 0, "_timestamp": 1594788206.7944112, "train/lr": 0.0003461460113097159, "_runtime": 44106.46101164818, "epoch": 70, "val/loss": 0.047668069893238595, "_step": 34, "train/acc": 0.8123185011709602, "train/loss": 0.0046532031229575685, "train/f1": 0.7290866510538642}
