epoch,train/lr,train/loss,val/loss,train/acc,train/f1
1,0.001,0.02899858490562622,0.03318475398655031,0.004074941451990633,4.40184250781559e-05
2,0.0009755282581475768,0.025320627737159065,0.034334445920060665,0.005901639344262295,0.0
3,0.0009045084971874736,0.02469432084162607,0.03152630091005681,0.008852459016393442,0.0
4,0.0007938926261462366,0.023999340816808698,0.03430843236399632,0.012552693208430913,0.0
