{"b/val/loss": 0.023968472065981367, "b/val/f1": 0, "b/val/acc": 0, "b/val/mAP": 0, "train/acc": 0.0045880149812734085, "_step": 1, "val/acc": 0.004584795321637427, "epoch": 2, "val/mAP": 0.018680865366069926, "train/mAP": 0.008728283516387712, "train/lr": 0.0009994965332706573, "val/f1": 0.0, "val/loss": 0.023968472065981367, "_runtime": 2488.6269426345825, "_timestamp": 1597518728.5435557, "train/f1": 0.0, "train/loss": 0.024217190946403302}
