{"b/val/loss": 0.010018249045599972, "b/val/acc": 0.5814736842105264, "b/val/f1": 0.012826418790811712, "train/lr": 0.000975528258147579, "_timestamp": 1597272527.7403057, "train/acc": 0.21189138576779026, "val/acc": 0.536327485380117, "train/f1": 0.008490209716436563, "train/loss": 0.011090375808508773, "epoch": 40, "val/loss": 0.017720105115607468, "_step": 7, "val/f1": 0.012826418790811712, "_runtime": 11081.699481487274}
